test_idx,degree,format,learning_rate,max_iter,cycles,hw_loss,golden_loss,max_abs_err_vs_golden,mean_abs_err_vs_golden,max_abs_err_vs_true,mean_abs_err_vs_true,true_0,golden_0,hw_0,abs_err_vs_golden_0,abs_err_vs_true_0,true_1,golden_1,hw_1,abs_err_vs_golden_1,abs_err_vs_true_1,true_2,golden_2,hw_2,abs_err_vs_golden_2,abs_err_vs_true_2,true_3,golden_3,hw_3,abs_err_vs_golden_3,abs_err_vs_true_3,true_4,golden_4,hw_4,abs_err_vs_golden_4,abs_err_vs_true_4,true_5,golden_5,hw_5,abs_err_vs_golden_5,abs_err_vs_true_5,true_6,golden_6,hw_6,abs_err_vs_golden_6,abs_err_vs_true_6
0,4,FP64,2.500000e-03,3600,12142573,1.392959e+01,6.780877e-02,3.9208e+00,1.6497e+00,3.9365e+00,1.6275e+00,2.70428584,2.68858387,-1.23220859,3.9208e+00,3.9365e+00,1.39196365,1.35231809,3.18302348,1.8307e+00,1.7911e+00,0.59195091,0.63855130,-0.29271677,9.3127e-01,8.8467e-01,-2.06388816,-2.03698592,-2.76807326,7.3109e-01,7.0419e-01,-2.06403288,-2.07759555,-1.24294830,8.3465e-01,8.2108e-01,,,,,,,,,,
0,4,FP32,2.500000e-03,3600,12142573,1.392959e+01,6.780877e-02,3.9208e+00,1.6497e+00,3.9365e+00,1.6275e+00,2.70428584,2.68858387,-1.23220861,3.9208e+00,3.9365e+00,1.39196365,1.35231809,3.18302369,1.8307e+00,1.7911e+00,0.59195091,0.63855130,-0.29271641,9.3127e-01,8.8467e-01,-2.06388816,-2.03698592,-2.76807332,7.3109e-01,7.0419e-01,-2.06403288,-2.07759555,-1.24294829,8.3465e-01,8.2108e-01,,,,,,,,,,
0,4,FP16,2.500000e-03,3600,12142573,1.523922e+01,6.780877e-02,3.5616e+00,1.5529e+00,3.5773e+00,1.5307e+00,2.70428584,2.68858387,-0.87304688,3.5616e+00,3.5773e+00,1.39196365,1.35231809,2.00000000,6.4768e-01,6.0804e-01,0.59195091,0.63855130,-1.44335938,2.0819e+00,2.0353e+00,-2.06388816,-2.03698592,-2.31835938,2.8137e-01,2.5447e-01,-2.06403288,-2.07759555,-0.88574219,1.1919e+00,1.1783e+00,,,,,,,,,,
0,4,FP16ALT,2.500000e-03,3600,12142573,1.795949e+01,6.780877e-02,3.4112e+00,2.0205e+00,3.4269e+00,2.0249e+00,2.70428584,2.68858387,-0.72265625,3.4112e+00,3.4269e+00,1.39196365,1.35231809,-0.97656250,2.3289e+00,2.3685e+00,0.59195091,0.63855130,-1.50781250,2.1464e+00,2.0998e+00,-2.06388816,-2.03698592,-1.14843750,8.8855e-01,9.1545e-01,-2.06403288,-2.07759555,-0.75000000,1.3276e+00,1.3140e+00,,,,,,,,,,
1,3,FP64,1.000000e-02,900,1974092,1.020096e-01,9.313033e-02,1.5440e-01,7.1000e-02,1.4787e-01,6.4241e-02,-0.24450665,-0.26506432,-0.21735293,4.7711e-02,2.7154e-02,-0.99774833,-1.00427951,-0.84988294,1.5440e-01,1.4787e-01,-2.14279909,-2.14148385,-2.16800491,2.6521e-02,2.5206e-02,0.90533084,0.90396278,0.84859331,5.5369e-02,5.6738e-02,,,,,,,,,,,,,,,
1,3,FP32,1.000000e-02,900,1974092,1.020096e-01,9.313033e-02,1.5440e-01,7.1000e-02,1.4787e-01,6.4241e-02,-0.24450665,-0.26506432,-0.21735308,4.7711e-02,2.7154e-02,-0.99774833,-1.00427951,-0.84988278,1.5440e-01,1.4787e-01,-2.14279909,-2.14148385,-2.16800499,2.6521e-02,2.5206e-02,0.90533084,0.90396278,0.84859329,5.5369e-02,5.6738e-02,,,,,,,,,,,,,,,
1,3,FP16,1.000000e-02,900,1974092,1.045805e-01,9.313033e-02,1.8885e-01,7.4339e-02,1.8232e-01,7.8517e-02,-0.24450665,-0.26506432,-0.28955078,2.4486e-02,4.5044e-02,-0.99774833,-1.00427951,-0.81542969,1.8885e-01,1.8232e-01,-2.14279909,-2.14148385,-2.12695312,1.4531e-02,1.5846e-02,0.90533084,0.90396278,0.83447266,6.9490e-02,7.0858e-02,,,,,,,,,,,,,,,
1,3,FP16ALT,1.000000e-02,900,1974092,4.041027e-01,9.313033e-02,7.5056e-01,4.2761e-01,7.7112e-01,4.3179e-01,-0.24450665,-0.26506432,-1.01562500,7.5056e-01,7.7112e-01,-0.99774833,-1.00427951,-0.55468750,4.4959e-01,4.4306e-01,-2.14279909,-2.14148385,-1.79687500,3.4461e-01,3.4592e-01,0.90533084,0.90396278,0.73828125,1.6568e-01,1.6705e-01,,,,,,,,,,,,,,,
2,5,FP64,6.250000e-04,10000,47984799,3.901510e+03,1.998869e-01,7.8743e+01,3.8343e+01,7.8093e+01,3.7704e+01,2.81945911,2.41890001,25.45056088,2.3032e+01,2.2631e+01,1.99465584,0.78827208,18.44700993,1.7659e+01,1.6452e+01,-1.72596534,-1.07568241,-79.81862626,7.8743e+01,7.8093e+01,-1.90905020,-0.73157665,-64.21053648,6.3479e+01,6.2301e+01,-1.89957294,-2.06484274,25.34338440,2.7408e+01,2.7243e+01,-1.17454654,-1.41017072,18.32873854,1.9739e+01,1.9503e+01,,,,,
2,5,FP32,6.250000e-04,10000,47984799,3.901509e+03,1.998869e-01,7.8743e+01,3.8343e+01,7.8093e+01,3.7704e+01,2.81945911,2.41890001,25.45058441,2.3032e+01,2.2631e+01,1.99465584,0.78827208,18.44701385,1.7659e+01,1.6452e+01,-1.72596534,-1.07568241,-79.81873322,7.8743e+01,7.8093e+01,-1.90905020,-0.73157665,-64.21056366,6.3479e+01,6.2302e+01,-1.89957294,-2.06484274,25.34340858,2.7408e+01,2.7243e+01,-1.17454654,-1.41017072,18.32874298,1.9739e+01,1.9503e+01,,,,,
2,5,FP16,6.250000e-04,10000,47984799,2.385778e+02,1.998869e-01,1.4924e+01,7.1985e+00,1.4274e+01,6.5592e+00,2.81945911,2.41890001,3.92382812,1.5049e+00,1.1044e+00,1.99465584,0.78827208,3.14062500,2.3524e+00,1.1460e+00,-1.72596534,-1.07568241,-16.00000000,1.4924e+01,1.4274e+01,-1.90905020,-0.73157665,-14.66406250,1.3932e+01,1.2755e+01,-1.89957294,-2.06484274,3.89062500,5.9555e+00,5.7902e+00,-1.17454654,-1.41017072,3.11132812,4.5215e+00,4.2859e+00,,,,,
2,5,FP16ALT,6.250000e-04,10000,47984799,1.261482e+01,1.998869e-01,3.8486e+00,1.3096e+00,4.2491e+00,1.7562e+00,2.81945911,2.41890001,-1.42968750,3.8486e+00,4.2491e+00,1.99465584,0.78827208,-1.40625000,2.1945e+00,3.4009e+00,-1.72596534,-1.07568241,-1.48437500,4.0869e-01,2.4159e-01,-1.90905020,-0.73157665,0.03515625,7.6673e-01,1.9442e+00,-1.89957294,-2.06484274,-1.42968750,6.3516e-01,4.6989e-01,-1.17454654,-1.41017072,-1.40625000,3.9207e-03,2.3170e-01,,,,,
3,6,FP64,1.562500e-04,10000,64696470,9.976900e+40,3.242206e-01,5.3740e+19,3.3970e+19,5.3740e+19,3.3970e+19,-2.95760217,-2.16268086,-53739671060904067072.00000000,5.3740e+19,5.3740e+19,-2.86162545,-1.92295736,-35605131877034524672.00000000,3.5605e+19,3.5605e+19,0.14864796,-1.44264159,9873569515267686400.00000000,9.8736e+18,9.8736e+18,-0.60083417,-1.21842573,39633353384922595328.00000000,3.9633e+19,3.9633e+19,-2.72000602,-1.87305742,-53595262092158885888.00000000,5.3595e+19,5.3595e+19,2.84253311,2.93853056,-35081926874265305088.00000000,3.5082e+19,3.5082e+19,-1.60337196,-1.73025243,10258026803723223040.00000000,1.0258e+19,1.0258e+19
3,6,FP32,1.562500e-04,10000,64696470,9.976806e+40,3.242206e-01,5.3739e+19,3.3969e+19,5.3739e+19,3.3969e+19,-2.95760217,-2.16268086,-53739457640296087552.00000000,5.3739e+19,5.3739e+19,-2.86162545,-1.92295736,-35604977067898175488.00000000,3.5605e+19,3.5605e+19,0.14864796,-1.44264159,9873534153079652352.00000000,9.8735e+18,9.8735e+18,-0.60083417,-1.21842573,39633216037139251200.00000000,3.9633e+19,3.9633e+19,-2.72000602,-1.87305742,-53595047783103987712.00000000,5.3595e+19,5.3595e+19,2.84253311,2.93853056,-35081774459820965888.00000000,3.5082e+19,3.5082e+19,-1.60337196,-1.73025243,10257989388847808512.00000000,1.0258e+19,1.0258e+19
3,6,FP16,1.562500e-04,10000,64696470,nan,3.242206e-01,nan,nan,nan,nan,-2.95760217,-2.16268086,nan,nan,nan,-2.86162545,-1.92295736,nan,nan,nan,0.14864796,-1.44264159,nan,nan,nan,-0.60083417,-1.21842573,nan,nan,nan,-2.72000602,-1.87305742,nan,nan,nan,2.84253311,2.93853056,nan,nan,nan,-1.60337196,-1.73025243,nan,nan,nan
3,6,FP16ALT,1.562500e-04,10000,64696470,1.881605e+50,3.242206e-01,2.1723e+24,1.3469e+24,2.1723e+24,1.3469e+24,-2.95760217,-2.16268086,-2172288582120036798300160.00000000,2.1723e+24,2.1723e+24,-2.86162545,-1.92295736,-1463933609689590016245760.00000000,1.4639e+24,1.4639e+24,0.14864796,-1.44264159,384872868353876084916224.00000000,3.8487e+23,3.8487e+23,-0.60083417,-1.21842573,1397820478929414983254016.00000000,1.3978e+24,1.3978e+24,-2.72000602,-1.87305742,-2162843849154297507872768.00000000,2.1628e+24,2.1628e+24,2.84253311,2.93853056,-1445044143758111435390976.00000000,1.4450e+24,1.4450e+24,-1.60337196,-1.73025243,401401151043919843164160.00000000,4.0140e+23,4.0140e+23
4,6,FP64,1.562500e-04,10000,64696470,6.068119e+40,4.070676e-01,4.1911e+19,2.6492e+19,4.1911e+19,2.6492e+19,1.71105577,1.16842972,-41910635258576658432.00000000,4.1911e+19,4.1911e+19,-1.80195731,-0.67300512,-27767823396997431296.00000000,2.7768e+19,2.7768e+19,0.08540663,-0.52455854,7700225224408434688.00000000,7.7002e+18,7.7002e+18,0.55448741,-0.32091568,30909363325042761728.00000000,3.0909e+19,3.0909e+19,-2.72129752,-1.77124290,-41798013214234640384.00000000,4.1798e+19,4.1798e+19,0.64526911,0.80464070,-27359784910649569280.00000000,2.7360e+19,2.7360e+19,-1.97685526,-2.18432087,8000056780331068416.00000000,8.0001e+18,8.0001e+18
4,6,FP32,1.562500e-04,10000,64696470,6.068109e+40,4.070676e-01,4.1911e+19,2.6492e+19,4.1911e+19,2.6492e+19,1.71105577,1.16842972,-41910572899100524544.00000000,4.1911e+19,4.1911e+19,-1.80195731,-0.67300512,-27767796723575947264.00000000,2.7768e+19,2.7768e+19,0.08540663,-0.52455854,7700212531582730240.00000000,7.7002e+18,7.7002e+18,0.55448741,-0.32091568,30909321346457534464.00000000,3.0909e+19,3.0909e+19,-2.72129752,-1.77124290,-41797952122090684416.00000000,4.1798e+19,4.1798e+19,0.64526911,0.80464070,-27359759162415251456.00000000,2.7360e+19,2.7360e+19,-1.97685526,-2.18432087,8000043854919106560.00000000,8.0000e+18,8.0000e+18
4,6,FP16,1.562500e-04,10000,64696470,nan,4.070676e-01,nan,nan,nan,nan,1.71105577,1.16842972,nan,nan,nan,-1.80195731,-0.67300512,nan,nan,nan,0.08540663,-0.52455854,nan,nan,nan,0.55448741,-0.32091568,nan,nan,nan,-2.72129752,-1.77124290,nan,nan,nan,0.64526911,0.80464070,nan,nan,nan,-1.97685526,-2.18432087,nan,nan,nan
4,6,FP16ALT,1.562500e-04,10000,64696470,1.742878e+50,4.070676e-01,1.9173e+24,1.2059e+24,1.9173e+24,1.2059e+24,1.71105577,1.16842972,-1917280792045075956760576.00000000,1.9173e+24,1.9173e+24,-1.80195731,-0.67300512,-1378931012997936402399232.00000000,1.3789e+24,1.3789e+24,0.08540663,-0.52455854,306953821386526938890240.00000000,3.0695e+23,3.0695e+23,0.55448741,-0.32091568,1246704751477586336415744.00000000,1.2467e+24,1.2467e+24,-2.72129752,-1.77124290,-1907836059079336666333184.00000000,1.9078e+24,1.9078e+24,0.64526911,0.80464070,-1360041547066457821544448.00000000,1.3600e+24,1.3600e+24,-1.97685526,-2.18432087,323482104076570697138176.00000000,3.2348e+23,3.2348e+23
5,2,FP64,1.000000e-02,900,1130756,9.107539e-02,9.038988e-02,3.2989e-02,1.4054e-02,9.3437e-02,5.7990e-02,2.69331322,2.75376063,2.78675004,3.2989e-02,9.3437e-02,2.79379220,2.86839321,2.87243965,4.0464e-03,7.8647e-02,1.85038409,1.85362463,1.84849770,5.1269e-03,1.8864e-03,,,,,,,,,,,,,,,,,,,,
5,2,FP32,1.000000e-02,900,1130756,9.107539e-02,9.038988e-02,3.2989e-02,1.4054e-02,9.3437e-02,5.7990e-02,2.69331322,2.75376063,2.78674984,3.2989e-02,9.3437e-02,2.79379220,2.86839321,2.87243986,4.0466e-03,7.8648e-02,1.85038409,1.85362463,1.84849775,5.1269e-03,1.8863e-03,,,,,,,,,,,,,,,,,,,,
5,2,FP16,1.000000e-02,900,1130756,1.043654e-01,9.038988e-02,9.9464e-02,7.8615e-02,1.4957e-01,8.4413e-02,2.69331322,2.75376063,2.65429688,9.9464e-02,3.9016e-02,2.79379220,2.86839321,2.94335938,7.4966e-02,1.4957e-01,1.85038409,1.85362463,1.91503906,6.1414e-02,6.4655e-02,,,,,,,,,,,,,,,,,,,,
5,2,FP16ALT,1.000000e-02,900,1130756,3.764731e-01,9.038988e-02,7.5376e-01,4.1162e-01,6.9331e-01,4.1742e-01,2.69331322,2.75376063,2.00000000,7.5376e-01,6.9331e-01,2.79379220,2.86839321,2.98437500,1.1598e-01,1.9058e-01,1.85038409,1.85362463,2.21875000,3.6513e-01,3.6837e-01,,,,,,,,,,,,,,,,,,,,
7,4,FP64,2.500000e-03,3600,12142573,4.862494e+00,7.078006e-02,2.3773e+00,9.5475e-01,2.3365e+00,9.5753e-01,-0.35908504,-0.39992389,1.97737455,2.3773e+00,2.3365e+00,-2.26777059,-2.24159913,-3.31892667,1.0773e+00,1.0512e+00,-0.02893854,0.03968800,0.46639609,4.2671e-01,4.9533e-01,-2.79366887,-2.79659692,-2.36138041,4.3522e-01,4.3229e-01,2.45592241,2.44069897,1.98350787,4.5719e-01,4.7241e-01,,,,,,,,,,
7,4,FP32,2.500000e-03,3600,12142573,4.862493e+00,7.078006e-02,2.3773e+00,9.5475e-01,2.3365e+00,9.5753e-01,-0.35908504,-0.39992389,1.97737467,2.3773e+00,2.3365e+00,-2.26777059,-2.24159913,-3.31892538,1.0773e+00,1.0512e+00,-0.02893854,0.03968800,0.46639538,4.2671e-01,4.9533e-01,-2.79366887,-2.79659692,-2.36138082,4.3522e-01,4.3229e-01,2.45592241,2.44069897,1.98350799,4.5719e-01,4.7241e-01,,,,,,,,,,
7,4,FP16,2.500000e-03,3600,12142573,5.878088e+00,7.078006e-02,2.0142e+00,9.3825e-01,1.9733e+00,9.5267e-01,-0.35908504,-0.39992389,1.61425781,2.0142e+00,1.9733e+00,-2.26777059,-2.24159913,-2.00000000,2.4160e-01,2.6777e-01,-0.02893854,0.03968800,1.59179688,1.5521e+00,1.6207e+00,-2.79366887,-2.79659692,-2.86328125,6.6684e-02,6.9612e-02,2.45592241,2.44069897,1.62402344,8.1668e-01,8.3190e-01,,,,,,,,,,
7,4,FP16ALT,2.500000e-03,3600,12142573,6.041410e+00,7.078006e-02,2.1343e+00,1.1523e+00,2.0935e+00,1.1667e+00,-0.35908504,-0.39992389,1.73437500,2.1343e+00,2.0935e+00,-2.26777059,-2.24159913,-1.00000000,1.2416e+00,1.2678e+00,-0.02893854,0.03968800,1.14843750,1.1087e+00,1.1774e+00,-2.79366887,-2.79659692,-3.37500000,5.7840e-01,5.8133e-01,2.45592241,2.44069897,1.74218750,6.9851e-01,7.1373e-01,,,,,,,,,,
8,4,FP64,2.500000e-03,3600,12142573,2.876400e+00,9.134729e-02,2.0699e+00,8.2279e-01,2.1740e+00,8.7699e-01,-1.90658347,-1.80243041,0.26745935,2.0699e+00,2.1740e+00,1.53216846,1.44560671,0.33067956,1.1149e+00,1.2015e+00,-0.44906475,-0.53807464,-0.86169974,3.2363e-01,4.1263e-01,-1.75235002,-1.73314207,-1.29022195,4.4292e-01,4.6213e-01,0.40620197,0.43415743,0.27155259,1.6260e-01,1.3465e-01,,,,,,,,,,
8,4,FP32,2.500000e-03,3600,12142573,2.876401e+00,9.134729e-02,2.0699e+00,8.2279e-01,2.1740e+00,8.7699e-01,-1.90658347,-1.80243041,0.26745969,2.0699e+00,2.1740e+00,1.53216846,1.44560671,0.33067861,1.1149e+00,1.2015e+00,-0.44906475,-0.53807464,-0.86170071,3.2363e-01,4.1264e-01,-1.75235002,-1.73314207,-1.29022145,4.4292e-01,4.6213e-01,0.40620197,0.43415743,0.27155292,1.6260e-01,1.3465e-01,,,,,,,,,,
8,4,FP16,2.500000e-03,3600,12142573,3.003185e+00,9.134729e-02,2.1059e+00,9.0862e-01,2.2101e+00,9.6281e-01,-1.90658347,-1.80243041,0.30346680,2.1059e+00,2.2101e+00,1.53216846,1.44560671,0.09100342,1.3546e+00,1.4412e+00,-0.44906475,-0.53807464,-0.95019531,4.1212e-01,5.0113e-01,-1.75235002,-1.73314207,-1.19042969,5.4271e-01,5.6192e-01,0.40620197,0.43415743,0.30639648,1.2776e-01,9.9805e-02,,,,,,,,,,
8,4,FP16ALT,2.500000e-03,3600,12142573,3.667901e+00,9.134729e-02,2.0065e+00,9.4791e-01,2.1107e+00,9.8687e-01,-1.90658347,-1.80243041,0.20410156,2.0065e+00,2.1107e+00,1.53216846,1.44560671,-0.28515625,1.7308e+00,1.8173e+00,-0.44906475,-0.53807464,-0.50000000,3.8075e-02,5.0935e-02,-1.75235002,-1.73314207,-1.00000000,7.3314e-01,7.5235e-01,0.40620197,0.43415743,0.20312500,2.3103e-01,2.0308e-01,,,,,,,,,,
9,5,FP64,6.250000e-04,10000,47984799,6.327068e+02,8.315308e-02,3.5001e+01,1.6925e+01,3.4774e+01,1.6823e+01,2.81750777,2.88695312,-10.87439851,1.3761e+01,1.3692e+01,1.65079694,1.77632489,-5.53734977,7.3137e+00,7.1881e+00,2.63699365,2.40981494,37.41098469,3.5001e+01,3.4774e+01,2.36896410,2.26065761,28.20771660,2.5947e+01,2.5839e+01,0.58739987,0.64980028,-10.83476264,1.1485e+01,1.1422e+01,2.53124541,2.55080792,-5.49152726,8.0423e+00,8.0228e+00,,,,,
9,5,FP32,6.250000e-04,10000,47984799,6.327090e+02,8.315308e-02,3.5001e+01,1.6925e+01,3.4774e+01,1.6823e+01,2.81750777,2.88695312,-10.87441730,1.3761e+01,1.3692e+01,1.65079694,1.77632489,-5.53736591,7.3137e+00,7.1882e+00,2.63699365,2.40981494,37.41104126,3.5001e+01,3.4774e+01,2.36896410,2.26065761,28.20777130,2.5947e+01,2.5839e+01,0.58739987,0.64980028,-10.83478165,1.1485e+01,1.1422e+01,2.53124541,2.55080792,-5.49154329,8.0424e+00,8.0228e+00,,,,,
9,5,FP16,6.250000e-04,10000,47984799,8.160036e+00,8.315308e-02,3.0574e+00,1.5482e+00,2.9879e+00,1.4880e+00,2.81750777,2.88695312,-0.17041016,3.0574e+00,2.9879e+00,1.65079694,1.77632489,1.88867188,1.1235e-01,2.3787e-01,2.63699365,2.40981494,5.32031250,2.9105e+00,2.6833e+00,2.36896410,2.26065761,4.00000000,1.7393e+00,1.6310e+00,0.58739987,0.64980028,-0.16467285,8.1447e-01,7.5207e-01,2.53124541,2.55080792,1.89550781,6.5530e-01,6.3574e-01,,,,,
9,5,FP16ALT,6.250000e-04,10000,47984799,1.123716e+01,8.315308e-02,1.8635e+00,6.6362e-01,1.7941e+00,6.3072e-01,2.81750777,2.88695312,1.02343750,1.8635e+00,1.7941e+00,1.65079694,1.77632489,2.59375000,8.1743e-01,9.4295e-01,2.63699365,2.40981494,2.93750000,5.2769e-01,3.0051e-01,2.36896410,2.26065761,2.64062500,3.7997e-01,2.7166e-01,0.58739987,0.64980028,1.01562500,3.6582e-01,4.2823e-01,2.53124541,2.55080792,2.57812500,2.7317e-02,4.6880e-02,,,,,
10,6,FP64,1.562500e-04,10000,64696470,3.571035e+40,2.292327e-01,3.2151e+19,2.0323e+19,3.2151e+19,2.0323e+19,-1.82410283,-1.48288205,-32150983606028349440.00000000,3.2151e+19,3.2151e+19,-2.72863627,-1.84512629,-21301582028138209280.00000000,2.1302e+19,2.1302e+19,-1.04801802,-1.19566648,5907088103657858048.00000000,5.9071e+18,5.9071e+18,-0.66793626,-1.23199945,23711557398377893888.00000000,2.3712e+19,2.3712e+19,-1.37190581,-1.42972646,-32064587647604490240.00000000,3.2065e+19,3.2065e+19,1.97242505,2.05649881,-20988562704898195456.00000000,2.0989e+19,2.0989e+19,-0.85948004,-0.84028885,6137098443027883008.00000000,6.1371e+18,6.1371e+18
10,6,FP32,1.562500e-04,10000,64696470,3.571027e+40,2.292327e-01,3.2151e+19,2.0323e+19,3.2151e+19,2.0323e+19,-1.82410283,-1.48288205,-32150951449193349120.00000000,3.2151e+19,3.2151e+19,-2.72863627,-1.84512629,-21301560044532269056.00000000,2.1302e+19,2.1302e+19,-1.04801802,-1.19566648,5907081690005635072.00000000,5.9071e+18,5.9071e+18,-0.66793626,-1.23199945,23711537800012627968.00000000,2.3712e+19,2.3712e+19,-1.37190581,-1.42972646,-32064556223529222144.00000000,3.2065e+19,3.2065e+19,1.97242505,2.05649881,-20988540079220719616.00000000,2.0989e+19,2.0989e+19,-0.85948004,-0.84028885,6137091825954979840.00000000,6.1371e+18,6.1371e+18
10,6,FP16,1.562500e-04,10000,64696470,nan,2.292327e-01,nan,nan,nan,nan,-1.82410283,-1.48288205,nan,nan,nan,-2.72863627,-1.84512629,nan,nan,nan,-1.04801802,-1.19566648,nan,nan,nan,-0.66793626,-1.23199945,nan,nan,nan,-1.37190581,-1.42972646,nan,nan,nan,1.97242505,2.05649881,nan,nan,nan,-0.85948004,-0.84028885,nan,nan,nan
10,6,FP16ALT,1.562500e-04,10000,64696470,6.218298e+49,2.292327e-01,1.2089e+24,7.7464e+23,1.2089e+24,7.7464e+23,-1.82410283,-1.48288205,-1208925819614629174706176.00000000,1.2089e+24,1.2089e+24,-2.72863627,-1.84512629,-864193066365145074106368.00000000,8.6419e+23,8.6419e+23,-1.04801802,-1.19566648,223131816315590736347136.00000000,2.2313e+23,2.2313e+23,-0.66793626,-1.23199945,840581233950796848037888.00000000,8.4058e+23,8.4058e+23,-1.37190581,-1.42972646,-1204203453131759529492480.00000000,1.2042e+24,1.2042e+24,1.97242505,2.05649881,-850025966916536138465280.00000000,8.5003e+23,8.5003e+23,-0.85948004,-0.84028885,231395957660612615471104.00000000,2.3140e+23,2.3140e+23
11,4,FP64,2.500000e-03,3600,12142573,7.424500e+00,6.003050e-02,2.9703e+00,1.1991e+00,3.0222e+00,1.2007e+00,0.64220549,0.59030083,-2.37996796,2.9703e+00,3.0222e+00,-1.34400491,-1.30851472,0.17320040,1.4817e+00,1.5172e+00,-1.22235897,-1.16480677,-1.58205556,4.1725e-01,3.5970e-01,-2.00839837,-1.99601675,-2.59427318,5.9826e-01,5.8587e-01,-2.90618156,-2.91520035,-2.38741666,5.2778e-01,5.1876e-01,,,,,,,,,,
11,4,FP32,2.500000e-03,3600,12142573,7.424499e+00,6.003050e-02,2.9703e+00,1.1991e+00,3.0222e+00,1.2007e+00,0.64220549,0.59030083,-2.37996840,2.9703e+00,3.0222e+00,-1.34400491,-1.30851472,0.17320065,1.4817e+00,1.5172e+00,-1.22235897,-1.16480677,-1.58205485,4.1725e-01,3.5970e-01,-2.00839837,-1.99601675,-2.59427309,5.9826e-01,5.8587e-01,-2.90618156,-2.91520035,-2.38741708,5.2778e-01,5.1876e-01,,,,,,,,,,
11,4,FP16,2.500000e-03,3600,12142573,8.421899e+00,6.003050e-02,2.5796e+00,1.1076e+00,2.6315e+00,1.1093e+00,0.64220549,0.59030083,-1.98925781,2.5796e+00,2.6315e+00,-1.34400491,-1.30851472,-1.05078125,2.5773e-01,2.9322e-01,-1.22235897,-1.16480677,-2.81835938,1.6536e+00,1.5960e+00,-2.00839837,-1.99601675,-2.12695312,1.3094e-01,1.1855e-01,-2.90618156,-2.91520035,-1.99902344,9.1618e-01,9.0716e-01,,,,,,,,,,
11,4,FP16ALT,2.500000e-03,3600,12142573,9.610217e+00,6.003050e-02,2.4887e+00,1.2572e+00,2.5406e+00,1.2496e+00,0.64220549,0.59030083,-1.89843750,2.4887e+00,2.5406e+00,-1.34400491,-1.30851472,-2.26562500,9.5711e-01,9.2162e-01,-1.22235897,-1.16480677,-2.67187500,1.5071e+00,1.4495e+00,-2.00839837,-1.99601675,-1.65625000,3.3977e-01,3.5215e-01,-2.90618156,-2.91520035,-1.92187500,9.9333e-01,9.8431e-01,,,,,,,,,,
13,3,FP64,1.000000e-02,900,1974092,3.050169e-01,6.721865e-02,8.0807e-01,4.0119e-01,8.0286e-01,3.9684e-01,-1.80694558,-1.80446359,-1.43571102,3.6875e-01,3.7123e-01,1.26805172,1.27325796,0.46519052,8.0807e-01,8.0286e-01,1.74105324,1.76818875,1.65435915,1.1383e-01,8.6694e-02,0.63575985,0.64821944,0.96232142,3.1410e-01,3.2656e-01,,,,,,,,,,,,,,,
13,3,FP32,1.000000e-02,900,1974092,3.050167e-01,6.721865e-02,8.0807e-01,4.0119e-01,8.0286e-01,3.9684e-01,-1.80694558,-1.80446359,-1.43571126,3.6875e-01,3.7123e-01,1.26805172,1.27325796,0.46519068,8.0807e-01,8.0286e-01,1.74105324,1.76818875,1.65435922,1.1383e-01,8.6694e-02,0.63575985,0.64821944,0.96232140,3.1410e-01,3.2656e-01,,,,,,,,,,,,,,,
13,3,FP16,1.000000e-02,900,1974092,3.341928e-01,6.721865e-02,8.3405e-01,4.3047e-01,8.2884e-01,4.2612e-01,-1.80694558,-1.80446359,-1.38085938,4.2360e-01,4.2609e-01,1.26805172,1.27325796,0.43920898,8.3405e-01,8.2884e-01,1.74105324,1.76818875,1.62792969,1.4026e-01,1.1312e-01,0.63575985,0.64821944,0.97216797,3.2395e-01,3.3641e-01,,,,,,,,,,,,,,,
13,3,FP16ALT,1.000000e-02,900,1974092,8.533293e-01,6.721865e-02,1.1790e+00,7.5633e-01,1.1738e+00,7.5198e-01,-1.80694558,-1.80446359,-0.81250000,9.9196e-01,9.9445e-01,1.26805172,1.27325796,0.09423828,1.1790e+00,1.1738e+00,1.74105324,1.76818875,1.35937500,4.0881e-01,3.8168e-01,0.63575985,0.64821944,1.09375000,4.4553e-01,4.5799e-01,,,,,,,,,,,,,,,
14,2,FP64,1.000000e-02,900,1130756,9.231635e-02,9.145067e-02,1.1860e-02,9.4311e-03,1.0763e-02,5.2580e-03,-0.84920563,-0.86126439,-0.84940429,1.1860e-02,1.9866e-04,-2.30478564,-2.31624202,-2.30959746,6.6446e-03,4.8118e-03,2.17862056,2.15806849,2.16785715,9.7887e-03,1.0763e-02,,,,,,,,,,,,,,,,,,,,
14,2,FP32,1.000000e-02,900,1130756,9.231636e-02,9.145067e-02,1.1860e-02,9.4312e-03,1.0763e-02,5.2578e-03,-0.84920563,-0.86126439,-0.84940416,1.1860e-02,1.9853e-04,-2.30478564,-2.31624202,-2.30959725,6.6448e-03,4.8116e-03,2.17862056,2.15806849,2.16785717,9.7887e-03,1.0763e-02,,,,,,,,,,,,,,,,,,,,
14,2,FP16,1.000000e-02,900,1130756,9.726394e-02,9.145067e-02,8.8803e-02,5.5653e-02,7.6745e-02,6.2303e-02,-0.84920563,-0.86126439,-0.77246094,8.8803e-02,7.6745e-02,-2.30478564,-2.31624202,-2.35546875,3.9227e-02,5.0683e-02,2.17862056,2.15806849,2.11914062,3.8928e-02,5.9480e-02,,,,,,,,,,,,,,,,,,,,
14,2,FP16ALT,1.000000e-02,900,1130756,1.673308e-01,9.145067e-02,3.8275e-01,2.1017e-01,3.7069e-01,2.0918e-01,-0.84920563,-0.86126439,-0.47851562,3.8275e-01,3.7069e-01,-2.30478564,-2.31624202,-2.26562500,5.0617e-02,3.9161e-02,2.17862056,2.15806849,1.96093750,1.9713e-01,2.1768e-01,,,,,,,,,,,,,,,,,,,,
15,4,FP64,2.500000e-03,3600,12142573,3.928840e+00,9.040752e-02,2.0404e+00,8.5852e-01,1.8733e+00,8.3988e-01,-1.01461185,-1.18165685,0.85872452,2.0404e+00,1.8733e+00,-2.61864990,-2.46612017,-3.34461358,8.7849e-01,7.2596e-01,-1.13410607,-0.90849284,-0.34812332,5.6037e-01,7.8598e-01,-1.04890007,-1.09909824,-0.74788833,3.5121e-01,3.0101e-01,1.37763707,1.32665358,0.86451199,4.6214e-01,5.1313e-01,,,,,,,,,,
15,4,FP32,2.500000e-03,3600,12142573,3.928840e+00,9.040752e-02,2.0404e+00,8.5852e-01,1.8733e+00,8.3988e-01,-1.01461185,-1.18165685,0.85872430,2.0404e+00,1.8733e+00,-2.61864990,-2.46612017,-3.34461284,8.7849e-01,7.2596e-01,-1.13410607,-0.90849284,-0.34812278,5.6037e-01,7.8598e-01,-1.04890007,-1.09909824,-0.74788862,3.5121e-01,3.0101e-01,1.37763707,1.32665358,0.86451179,4.6214e-01,5.1313e-01,,,,,,,,,,
15,4,FP16,2.500000e-03,3600,12142573,5.030084e+00,9.040752e-02,1.6868e+00,9.4807e-01,1.9124e+00,1.0105e+00,-1.01461185,-1.18165685,0.50341797,1.6851e+00,1.5180e+00,-2.61864990,-2.46612017,-2.04492188,4.2120e-01,5.7373e-01,-1.13410607,-0.90849284,0.77832031,1.6868e+00,1.9124e+00,-1.04890007,-1.09909824,-1.23144531,1.3235e-01,1.8255e-01,1.37763707,1.32665358,0.51171875,8.1493e-01,8.6592e-01,,,,,,,,,,
15,4,FP16ALT,2.500000e-03,3600,12142573,5.480207e+00,9.040752e-02,1.7637e+00,1.2029e+00,1.7280e+00,1.2653e+00,-1.01461185,-1.18165685,0.58203125,1.7637e+00,1.5966e+00,-2.61864990,-2.46612017,-0.89062500,1.5755e+00,1.7280e+00,-1.13410607,-0.90849284,0.38281250,1.2913e+00,1.5169e+00,-1.04890007,-1.09909824,-1.75000000,6.5090e-01,7.0110e-01,1.37763707,1.32665358,0.59375000,7.3290e-01,7.8389e-01,,,,,,,,,,
16,6,FP64,1.562500e-04,10000,64696470,1.601373e+40,2.622557e-01,2.1530e+19,1.3609e+19,2.1530e+19,1.3609e+19,2.32327646,1.18750975,21529969495702736896.00000000,2.1530e+19,2.1530e+19,-0.16671045,0.38670766,14264646360307113984.00000000,1.4265e+19,1.4265e+19,-2.28243452,0.17723142,-3955693183095517696.00000000,3.9557e+18,3.9557e+18,1.27946872,0.67317718,-15878491113626765312.00000000,1.5878e+19,1.5878e+19,1.56471029,0.29855151,21472114271980470272.00000000,2.1472e+19,2.1472e+19,0.36766319,0.49532904,14055032353982920704.00000000,1.4055e+19,1.4055e+19,1.62580308,1.80890512,-4109720059878359040.00000000,4.1097e+18,4.1097e+18
16,6,FP32,1.562500e-04,10000,64696470,1.601371e+40,2.622557e-01,2.1530e+19,1.3609e+19,2.1530e+19,1.3609e+19,2.32327646,1.18750975,21529970391063199744.00000000,2.1530e+19,2.1530e+19,-0.16671045,0.38670766,14264641646300758016.00000000,1.4265e+19,1.4265e+19,-2.28243452,0.17723142,-3955694566429949952.00000000,3.9557e+18,3.9557e+18,1.27946872,0.67317718,-15878491619410837504.00000000,1.5878e+19,1.5878e+19,1.56471029,0.29855151,21472116288232882176.00000000,2.1472e+19,2.1472e+19,0.36766319,0.49532904,14055027451046658048.00000000,1.4055e+19,1.4055e+19,1.62580308,1.80890512,-4109721302074392576.00000000,4.1097e+18,4.1097e+18
16,6,FP16,1.562500e-04,10000,64696470,nan,2.622557e-01,nan,nan,nan,nan,2.32327646,1.18750975,nan,nan,nan,-0.16671045,0.38670766,nan,nan,nan,-2.28243452,0.17723142,nan,nan,nan,1.27946872,0.67317718,nan,nan,nan,1.56471029,0.29855151,nan,nan,nan,0.36766319,0.49532904,nan,nan,nan,1.62580308,1.80890512,nan,nan,nan
16,6,FP16ALT,1.562500e-04,10000,64696470,4.672795e+49,2.622557e-01,9.8697e+23,6.2521e+23,9.8697e+23,6.2521e+23,2.32327646,1.18750975,986974594919755849662464.00000000,9.8697e+23,9.8697e+23,-0.16671045,0.38670766,717799705396186072481792.00000000,7.1780e+23,7.1780e+23,-2.28243452,0.17723142,-160560460417567937265664.00000000,1.6056e+23,1.6056e+23,1.27946872,0.67317718,-651686574636011039490048.00000000,6.5169e+23,6.5169e+23,1.56471029,0.29855151,982252228436886204448768.00000000,9.8225e+23,9.8225e+23,0.36766319,0.49532904,708354972430446782054400.00000000,7.0835e+23,7.0835e+23,1.62580308,1.80890512,-168824601762589816389632.00000000,1.6882e+23,1.6882e+23
17,3,FP64,1.000000e-02,900,1974092,3.126478e-01,1.069648e-01,5.9772e-01,3.6476e-01,5.2495e-01,3.6569e-01,0.13639698,0.07650361,-0.38768040,4.6418e-01,5.2408e-01,-0.43475389,-0.50751907,0.09020045,5.9772e-01,5.2495e-01,-2.84748524,-2.80344775,-2.65832714,1.4512e-01,1.8916e-01,-2.35265144,-2.32521875,-2.57721806,2.5200e-01,2.2457e-01,,,,,,,,,,,,,,,
17,3,FP32,1.000000e-02,900,1974092,3.126478e-01,1.069648e-01,5.9772e-01,3.6476e-01,5.2495e-01,3.6569e-01,0.13639698,0.07650361,-0.38768044,4.6418e-01,5.2408e-01,-0.43475389,-0.50751907,0.09020019,5.9772e-01,5.2495e-01,-2.84748524,-2.80344775,-2.65832734,1.4512e-01,1.8916e-01,-2.35265144,-2.32521875,-2.57721806,2.5200e-01,2.2457e-01,,,,,,,,,,,,,,,
17,3,FP16,1.000000e-02,900,1974092,2.908446e-01,1.069648e-01,5.2458e-01,3.4661e-01,5.3923e-01,3.4754e-01,0.13639698,0.07650361,-0.40283203,4.7934e-01,5.3923e-01,-0.43475389,-0.50751907,0.01705933,5.2458e-01,4.5181e-01,-2.84748524,-2.80344775,-2.64062500,1.6282e-01,2.0686e-01,-2.35265144,-2.32521875,-2.54492188,2.1970e-01,1.9227e-01,,,,,,,,,,,,,,,
17,3,FP16ALT,1.000000e-02,900,1974092,7.003751e-01,1.069648e-01,8.9291e-01,6.2851e-01,9.5280e-01,6.7955e-01,0.13639698,0.07650361,-0.81640625,8.9291e-01,9.5280e-01,-0.43475389,-0.50751907,-1.31250000,8.0498e-01,8.7775e-01,-2.84748524,-2.80344775,-2.29687500,5.0657e-01,5.5061e-01,-2.35265144,-2.32521875,-2.01562500,3.0959e-01,3.3703e-01,,,,,,,,,,,,,,,
19,6,FP64,1.562500e-04,10000,64696470,1.352643e+40,5.324745e-01,1.9787e+19,1.2508e+19,1.9787e+19,1.2508e+19,-2.16401127,-1.44604448,19787401870355140608.00000000,1.9787e+19,1.9787e+19,0.62650428,-0.48355278,13110111007181549568.00000000,1.3110e+19,1.3110e+19,0.23904655,0.64574608,-3635531889878345728.00000000,3.6355e+18,3.6355e+18,-1.78163265,-0.67154733,-14593336271233781760.00000000,1.4593e+19,1.4593e+19,2.65712142,1.82952669,19734229265427841024.00000000,1.9734e+19,1.9734e+19,0.59319280,0.36609880,12917462495458400256.00000000,1.2917e+19,1.2917e+19,1.16870960,1.34734790,-3777092318486759936.00000000,3.7771e+18,3.7771e+18
19,6,FP32,1.562500e-04,10000,64696470,1.352645e+40,5.324745e-01,1.9787e+19,1.2508e+19,1.9787e+19,1.2508e+19,-2.16401127,-1.44604448,19787407188759150592.00000000,1.9787e+19,1.9787e+19,0.62650428,-0.48355278,13110119252763869184.00000000,1.3110e+19,1.3110e+19,0.23904655,0.64574608,-3635531623828553728.00000000,3.6355e+18,3.6355e+18,-1.78163265,-0.67154733,-14593336249377882112.00000000,1.4593e+19,1.4593e+19,2.65712142,1.82952669,19734234806439903232.00000000,1.9734e+19,1.9734e+19,0.59319280,0.36609880,12917470521926352896.00000000,1.2917e+19,1.2917e+19,1.16870960,1.34734790,-3777092096637272064.00000000,3.7771e+18,3.7771e+18
19,6,FP16,1.562500e-04,10000,64696470,nan,5.324745e-01,nan,nan,nan,nan,-2.16401127,-1.44604448,nan,nan,nan,0.62650428,-0.48355278,nan,nan,nan,0.23904655,0.64574608,nan,nan,nan,-1.78163265,-0.67154733,nan,nan,nan,2.65712142,1.82952669,nan,nan,nan,0.59319280,0.36609880,nan,nan,nan,1.16870960,1.34734790,nan,nan,nan
19,6,FP16ALT,1.562500e-04,10000,64696470,4.835096e+49,5.324745e-01,1.0011e+24,6.3634e+23,1.0011e+24,6.3634e+23,-2.16401127,-1.44604448,1001141694368364785303552.00000000,1.0011e+24,1.0011e+24,0.62650428,-0.48355278,731966804844795008122880.00000000,7.3197e+23,7.3197e+23,0.23904655,0.64574608,-164102235279720171175936.00000000,1.6410e+23,1.6410e+23,-1.78163265,-0.67154733,-665853674084619975131136.00000000,6.6585e+23,6.6585e+23,2.65712142,1.82952669,996419327885495140089856.00000000,9.9642e+23,9.9642e+23,0.59319280,0.36609880,722522071879055717695488.00000000,7.2252e+23,7.2252e+23,1.16870960,1.34734790,-172366376624742050299904.00000000,1.7237e+23,1.7237e+23
20,4,FP64,2.500000e-03,3600,12142573,4.144837e-01,7.553164e-02,5.8913e-01,3.0581e-01,6.8885e-01,2.9747e-01,2.57818591,2.47846554,1.88933446,5.8913e-01,6.8885e-01,1.84872228,1.80902048,2.33523118,5.2621e-01,4.8651e-01,0.80042254,0.97547516,0.87650299,9.8972e-02,7.6080e-02,2.22876354,2.26885025,2.05836938,2.1048e-01,1.7039e-01,1.82203246,1.78326613,1.88752928,1.0426e-01,6.5497e-02,,,,,,,,,,
20,4,FP32,2.500000e-03,3600,12142573,4.144854e-01,7.553164e-02,5.8913e-01,3.0581e-01,6.8885e-01,2.9747e-01,2.57818591,2.47846554,1.88933158,5.8913e-01,6.8885e-01,1.84872228,1.80902048,2.33524299,5.2622e-01,4.8652e-01,0.80042254,0.97547516,0.87651187,9.8963e-02,7.6089e-02,2.22876354,2.26885025,2.05836463,2.1049e-01,1.7040e-01,1.82203246,1.78326613,1.88752639,1.0426e-01,6.5494e-02,,,,,,,,,,
20,4,FP16,2.500000e-03,3600,12142573,3.600912e-01,7.553164e-02,7.2944e-01,3.7734e-01,8.2916e-01,4.2409e-01,2.57818591,2.47846554,1.74902344,7.2944e-01,8.2916e-01,1.84872228,1.80902048,2.33203125,5.2301e-01,4.8331e-01,0.80042254,0.97547516,1.37988281,4.0441e-01,5.7946e-01,2.22876354,2.26885025,2.07617188,1.9268e-01,1.5259e-01,1.82203246,1.78326613,1.74609375,3.7172e-02,7.5939e-02,,,,,,,,,,
20,4,FP16ALT,2.500000e-03,3600,12142573,7.719726e-01,7.553164e-02,1.0558e+00,6.1953e-01,1.2308e+00,6.6628e-01,2.57818591,2.47846554,1.47656250,1.0019e+00,1.1016e+00,1.84872228,1.80902048,2.28125000,4.7223e-01,4.3253e-01,0.80042254,0.97547516,2.03125000,1.0558e+00,1.2308e+00,2.22876354,2.26885025,2.00000000,2.6885e-01,2.2876e-01,1.82203246,1.78326613,1.48437500,2.9889e-01,3.3766e-01,,,,,,,,,,
21,4,FP64,2.500000e-03,3600,12142573,2.457917e-01,6.943923e-02,6.6005e-01,2.3892e-01,7.7839e-01,3.0084e-01,-0.50094031,-0.50546374,-0.58448303,7.9019e-02,8.3543e-02,2.29968155,2.18220490,2.02485357,1.5735e-01,2.7483e-01,-1.05392987,-1.17227107,-1.83231949,6.6005e-01,7.7839e-01,-2.26747227,-2.23844660,-2.17684310,6.1603e-02,9.0629e-02,-0.86221297,-0.82197529,-0.58541345,2.3656e-01,2.7680e-01,,,,,,,,,,
21,4,FP32,2.500000e-03,3600,12142573,2.457919e-01,6.943923e-02,6.6005e-01,2.3892e-01,7.7839e-01,3.0084e-01,-0.50094031,-0.50546374,-0.58448279,7.9019e-02,8.3542e-02,2.29968155,2.18220490,2.02485394,1.5735e-01,2.7483e-01,-1.05392987,-1.17227107,-1.83232009,6.6005e-01,7.7839e-01,-2.26747227,-2.23844660,-2.17684317,6.1603e-02,9.0629e-02,-0.86221297,-0.82197529,-0.58541322,2.3656e-01,2.7680e-01,,,,,,,,,,
21,4,FP16,2.500000e-03,3600,12142573,6.403059e-01,6.943923e-02,1.2769e+00,5.7127e-01,1.3953e+00,6.3138e-01,-0.50094031,-0.50546374,-0.39404297,1.1142e-01,1.0690e-01,2.29968155,2.18220490,1.42871094,7.5349e-01,8.7097e-01,-1.05392987,-1.17227107,-2.44921875,1.2769e+00,1.3953e+00,-2.26747227,-2.23844660,-1.95019531,2.8825e-01,3.1728e-01,-0.86221297,-0.82197529,-0.39575195,4.2622e-01,4.6646e-01,,,,,,,,,,
21,4,FP16ALT,2.500000e-03,3600,12142573,3.300412e+00,6.943923e-02,3.0416e+00,9.6845e-01,3.1591e+00,1.0304e+00,-0.50094031,-0.50546374,-0.57421875,6.8755e-02,7.3278e-02,2.29968155,2.18220490,-0.85937500,3.0416e+00,3.1591e+00,-1.05392987,-1.17227107,-1.45312500,2.8085e-01,3.9920e-01,-2.26747227,-2.23844660,-1.02343750,1.2150e+00,1.2440e+00,-0.86221297,-0.82197529,-0.58593750,2.3604e-01,2.7628e-01,,,,,,,,,,
22,6,FP64,1.562500e-04,10000,64696470,3.147400e+40,7.069865e-01,3.0184e+19,1.9080e+19,3.0184e+19,1.9080e+19,-2.33968845,-1.62349937,30183749613309775872.00000000,3.0184e+19,3.0184e+19,-1.63238902,0.15392951,19998194337797722112.00000000,1.9998e+19,1.9998e+19,-0.43735327,0.26226426,-5545648943416410112.00000000,5.5456e+18,5.5456e+18,1.90808860,0.15819843,-22260709663640494080.00000000,2.2261e+19,2.2261e+19,2.16438350,1.15927356,30102639995992227840.00000000,3.0103e+19,3.0103e+19,-2.95828722,-2.60640398,19704327842371661824.00000000,1.9704e+19,1.9704e+19,0.06448382,0.27662904,-5761585556028022784.00000000,5.7616e+18,5.7616e+18
22,6,FP32,1.562500e-04,10000,64696470,3.147358e+40,7.069865e-01,3.0184e+19,1.9079e+19,3.0184e+19,1.9079e+19,-2.33968845,-1.62349937,30183557910218407936.00000000,3.0184e+19,3.0184e+19,-1.63238902,0.15392951,19998060422501498880.00000000,1.9998e+19,1.9998e+19,-0.43735327,0.26226426,-5545614493595205632.00000000,5.5456e+18,5.5456e+18,1.90808860,0.15819843,-22260560683348262912.00000000,2.2261e+19,2.2261e+19,2.16438350,1.15927356,30102449136460627968.00000000,3.0102e+19,3.0102e+19,-2.95828722,-2.60640398,19704196148769062912.00000000,1.9704e+19,1.9704e+19,0.06448382,0.27662904,-5761549781197389824.00000000,5.7615e+18,5.7615e+18
22,6,FP16,1.562500e-04,10000,64696470,nan,7.069865e-01,nan,nan,nan,nan,-2.33968845,-1.62349937,nan,nan,nan,-1.63238902,0.15392951,nan,nan,nan,-0.43735327,0.26226426,nan,nan,nan,1.90808860,0.15819843,nan,nan,nan,2.16438350,1.15927356,nan,nan,nan,-2.95828722,-2.60640398,nan,nan,nan,0.06448382,0.27662904,nan,nan,nan
22,6,FP16ALT,1.562500e-04,10000,64696470,2.182161e+49,7.069865e-01,1.0011e+24,5.9485e+23,1.0011e+24,5.9485e+23,-2.33968845,-1.62349937,1001141694368364785303552.00000000,1.0011e+24,1.0011e+24,-1.63238902,0.15392951,540710962288574376968192.00000000,5.4071e+23,5.4071e+23,-0.43735327,0.26226426,-210145308487699212009472.00000000,2.1015e+23,2.1015e+23,1.90808860,0.15819843,-661131307601750329917440.00000000,6.6113e+23,6.6113e+23,2.16438350,1.15927356,1001141694368364785303552.00000000,1.0011e+24,1.0011e+24,-2.95828722,-2.60640398,533627412564269909147648.00000000,5.3363e+23,5.3363e+23,0.06448382,0.27662904,-216048266591286268526592.00000000,2.1605e+23,2.1605e+23
24,2,FP64,1.000000e-02,900,1130756,1.090386e-01,1.083376e-01,3.7977e-02,2.0353e-02,4.3442e-02,1.5366e-02,-0.97430897,-0.93463713,-0.97261452,3.7977e-02,1.6944e-03,2.65745822,2.65260256,2.65649649,3.8939e-03,9.6173e-04,-1.06078241,-1.03652866,-1.01734002,1.9189e-02,4.3442e-02,,,,,,,,,,,,,,,,,,,,
24,2,FP32,1.000000e-02,900,1130756,1.090385e-01,1.083376e-01,3.7977e-02,2.0353e-02,4.3442e-02,1.5367e-02,-0.97430897,-0.93463713,-0.97261441,3.7977e-02,1.6946e-03,2.65745822,2.65260256,2.65649533,3.8928e-03,9.6289e-04,-1.06078241,-1.03652866,-1.01734030,1.9188e-02,4.3442e-02,,,,,,,,,,,,,,,,,,,,
24,2,FP16,1.000000e-02,900,1130756,1.106594e-01,1.083376e-01,3.9321e-02,1.8531e-02,4.6575e-02,3.5212e-02,-0.97430897,-0.93463713,-0.92773438,6.9028e-03,4.6575e-02,2.65745822,2.65260256,2.61328125,3.9321e-02,4.4177e-02,-1.06078241,-1.03652866,-1.04589844,9.3698e-03,1.4884e-02,,,,,,,,,,,,,,,,,,,,
24,2,FP16ALT,1.000000e-02,900,1130756,2.217631e-01,1.083376e-01,2.6198e-01,1.4321e-01,2.6683e-01,1.4996e-01,-0.97430897,-0.93463713,-0.86328125,7.1356e-02,1.1103e-01,2.65745822,2.65260256,2.39062500,2.6198e-01,2.6683e-01,-1.06078241,-1.03652866,-1.13281250,9.6284e-02,7.2030e-02,,,,,,,,,,,,,,,,,,,,
26,2,FP64,1.000000e-02,900,1130756,9.859175e-02,9.829105e-02,1.9768e-02,1.2657e-02,3.5299e-02,2.6460e-02,2.77468377,2.71961665,2.73938514,1.9768e-02,3.5299e-02,-1.48930623,-1.46288398,-1.46635286,3.4689e-03,2.2953e-02,-0.01650896,-0.02290329,-0.03763646,1.4733e-02,2.1128e-02,,,,,,,,,,,,,,,,,,,,
26,2,FP32,1.000000e-02,900,1130756,9.859177e-02,9.829105e-02,1.9770e-02,1.2657e-02,3.5297e-02,2.6459e-02,2.77468377,2.71961665,2.73938632,1.9770e-02,3.5297e-02,-1.48930623,-1.46288398,-1.46635318,3.4692e-03,2.2953e-02,-0.01650896,-0.02290329,-0.03763689,1.4734e-02,2.1128e-02,,,,,,,,,,,,,,,,,,,,
26,2,FP16,1.000000e-02,900,1130756,1.051573e-01,9.829105e-02,8.6804e-02,5.6037e-02,1.4187e-01,8.1069e-02,2.77468377,2.71961665,2.63281250,8.6804e-02,1.4187e-01,-1.48930623,-1.46288398,-1.41406250,4.8821e-02,7.5244e-02,-0.01650896,-0.02290329,0.00958252,3.2486e-02,2.6091e-02,,,,,,,,,,,,,,,,,,,,
26,2,FP16ALT,1.000000e-02,900,1130756,4.784190e-01,9.829105e-02,7.1962e-01,4.5519e-01,7.7468e-01,4.8022e-01,2.77468377,2.71961665,2.00000000,7.1962e-01,7.7468e-01,-1.48930623,-1.46288398,-1.14062500,3.2226e-01,3.4868e-01,-0.01650896,-0.02290329,0.30078125,3.2368e-01,3.1729e-01,,,,,,,,,,,,,,,,,,,,
28,3,FP64,1.000000e-02,900,1974092,7.554835e-02,6.539379e-02,1.3343e-01,5.8636e-02,1.2786e-01,8.3763e-02,0.65738600,0.65182177,0.78524856,1.3343e-01,1.2786e-01,0.01607414,-0.07763225,-0.11101877,3.3387e-02,1.2709e-01,-2.69112749,-2.67493346,-2.71853712,4.3604e-02,2.7410e-02,-1.32812121,-1.29956287,-1.27543607,2.4127e-02,5.2685e-02,,,,,,,,,,,,,,,
28,3,FP32,1.000000e-02,900,1974092,7.554834e-02,6.539379e-02,1.3343e-01,5.8636e-02,1.2786e-01,8.3762e-02,0.65738600,0.65182177,0.78524840,1.3343e-01,1.2786e-01,0.01607414,-0.07763225,-0.11101846,3.3386e-02,1.2709e-01,-2.69112749,-2.67493346,-2.71853685,4.3603e-02,2.7409e-02,-1.32812121,-1.29956287,-1.27543616,2.4127e-02,5.2685e-02,,,,,,,,,,,,,,,
28,3,FP16,1.000000e-02,900,1974092,6.825928e-02,6.539379e-02,3.9584e-02,1.3575e-02,9.1575e-02,4.5732e-02,0.65738600,0.65182177,0.69140625,3.9584e-02,3.4020e-02,0.01607414,-0.07763225,-0.07550049,2.1318e-03,9.1575e-02,-2.69112749,-2.67493346,-2.66992188,5.0116e-03,2.1206e-02,-1.32812121,-1.29956287,-1.29199219,7.5707e-03,3.6129e-02,,,,,,,,,,,,,,,
28,3,FP16ALT,1.000000e-02,900,1974092,2.591816e-01,6.539379e-02,4.6725e-01,2.7511e-01,4.7282e-01,3.1112e-01,0.65738600,0.65182177,0.18457031,4.6725e-01,4.7282e-01,0.01607414,-0.07763225,-0.27539062,1.9776e-01,2.9146e-01,-2.69112749,-2.67493346,-2.34375000,3.3118e-01,3.4738e-01,-1.32812121,-1.29956287,-1.19531250,1.0425e-01,1.3281e-01,,,,,,,,,,,,,,,
30,5,FP64,6.250000e-04,10000,47984799,2.271412e+04,8.422116e-02,2.0070e+02,9.7695e+01,2.0029e+02,9.7357e+01,-0.06328344,-0.31524676,69.34814471,6.9663e+01,6.9411e+01,2.91390272,2.26808252,46.75196259,4.4484e+01,4.3838e+01,-1.54766837,-1.13817283,-201.84157589,2.0070e+02,2.0029e+02,1.03281328,1.55997542,-153.98616685,1.5555e+02,1.5502e+02,1.56971769,1.47080876,69.10186236,6.7631e+01,6.7532e+01,-1.57417474,-1.67136117,46.47353825,4.8145e+01,4.8048e+01,,,,,
30,5,FP32,6.250000e-04,10000,47984799,2.271406e+04,8.422116e-02,2.0070e+02,9.7695e+01,2.0029e+02,9.7357e+01,-0.06328344,-0.31524676,69.34806061,6.9663e+01,6.9411e+01,2.91390272,2.26808252,46.75194168,4.4484e+01,4.3838e+01,-1.54766837,-1.13817283,-201.84140015,2.0070e+02,2.0029e+02,1.03281328,1.55997542,-153.98611450,1.5555e+02,1.5502e+02,1.56971769,1.47080876,69.10177612,6.7631e+01,6.7532e+01,-1.57417474,-1.67136117,46.47351837,4.8145e+01,4.8048e+01,,,,,
30,5,FP16,6.250000e-04,10000,47984799,9.270542e+02,8.422116e-02,3.2081e+01,1.6987e+01,3.1671e+01,1.6649e+01,-0.06328344,-0.31524676,12.95312500,1.3268e+01,1.3016e+01,2.91390272,2.26808252,8.00000000,5.7319e+00,5.0861e+00,-1.54766837,-1.13817283,-33.21875000,3.2081e+01,3.1671e+01,1.03281328,1.55997542,-28.25000000,2.9810e+01,2.9283e+01,1.56971769,1.47080876,12.89062500,1.1420e+01,1.1321e+01,-1.57417474,-1.67136117,7.94140625,9.6128e+00,9.5156e+00,,,,,
30,5,FP16ALT,6.250000e-04,10000,47984799,5.301248e+01,8.422116e-02,6.2475e+00,2.8917e+00,5.7203e+00,2.7686e+00,-0.06328344,-0.31524676,2.76562500,3.0809e+00,2.8289e+00,2.91390272,2.26808252,0.28320312,1.9849e+00,2.6307e+00,-1.54766837,-1.13817283,-3.92187500,2.7837e+00,2.3742e+00,1.03281328,1.55997542,-4.68750000,6.2475e+00,5.7203e+00,1.56971769,1.47080876,2.75000000,1.2792e+00,1.1803e+00,-1.57417474,-1.67136117,0.30273438,1.9741e+00,1.8769e+00,,,,,
31,6,FP64,1.562500e-04,10000,64696470,5.395330e+40,1.382918e-01,3.9519e+19,2.4981e+19,3.9519e+19,2.4981e+19,-0.79330120,-0.44371784,-39519025480827404288.00000000,3.9519e+19,3.9519e+19,0.79383498,0.34466333,-26183266218769358848.00000000,2.6183e+19,2.6183e+19,0.80117826,-0.76824037,7260815661085290496.00000000,7.2608e+18,7.2608e+18,0.21464810,0.63060604,29145535716701966336.00000000,2.9146e+19,2.9146e+19,-2.45826138,-1.39875756,-39412830158026989568.00000000,3.9413e+19,3.9413e+19,2.01181497,1.92722124,-25798512247858372608.00000000,2.5799e+19,2.5799e+19,-1.07531961,-1.25046479,7543537476809567232.00000000,7.5435e+18,7.5435e+18
31,6,FP32,1.562500e-04,10000,64696470,5.395271e+40,1.382918e-01,3.9519e+19,2.4980e+19,3.9519e+19,2.4980e+19,-0.79330120,-0.44371784,-39518787663013347328.00000000,3.9519e+19,3.9519e+19,0.79383498,0.34466333,-26183127789067042816.00000000,2.6183e+19,2.6183e+19,0.80117826,-0.76824037,7260771269065310208.00000000,7.2608e+18,7.2608e+18,0.21464810,0.63060604,29145392434202542080.00000000,2.9145e+19,2.9145e+19,-2.45826138,-1.39875756,-39412592431956230144.00000000,3.9413e+19,3.9413e+19,2.01181497,1.92722124,-25798375685159387136.00000000,2.5798e+19,2.5798e+19,-1.07531961,-1.25046479,7543491442694422528.00000000,7.5435e+18,7.5435e+18
31,6,FP16,1.562500e-04,10000,64696470,nan,1.382918e-01,nan,nan,nan,nan,-0.79330120,-0.44371784,nan,nan,nan,0.79383498,0.34466333,nan,nan,nan,0.80117826,-0.76824037,nan,nan,nan,0.21464810,0.63060604,nan,nan,nan,-2.45826138,-1.39875756,nan,nan,nan,2.01181497,1.92722124,nan,nan,nan,-1.07531961,-1.25046479,nan,nan,nan
31,6,FP16ALT,1.562500e-04,10000,64696470,6.855836e+49,1.382918e-01,1.3789e+24,8.6571e+23,1.3789e+24,8.6571e+23,-0.79330120,-0.44371784,-1378931012997936402399232.00000000,1.3789e+24,1.3789e+24,0.79383498,0.34466333,-916139097676711171457024.00000000,9.1614e+23,9.1614e+23,0.80117826,-0.76824037,247924240350656373719040.00000000,2.4792e+23,2.4792e+23,0.21464810,0.63060604,977529861954016559235072.00000000,9.7753e+23,9.7753e+23,-2.45826138,-1.39875756,-1378931012997936402399232.00000000,1.3789e+24,1.3789e+24,2.01181497,1.92722124,-901971998228102235815936.00000000,9.0197e+23,9.0197e+23,-1.07531961,-1.25046479,258549564937113075449856.00000000,2.5855e+23,2.5855e+23
32,6,FP64,1.562500e-04,10000,64696470,2.222805e+40,3.793012e-01,2.5366e+19,1.6034e+19,2.5366e+19,1.6034e+19,1.17487684,0.71916153,-25365757567178620928.00000000,2.5366e+19,2.5366e+19,2.15015283,0.30871129,-16806041524086083584.00000000,1.6806e+19,1.6806e+19,-1.04424657,0.44003260,4660441080168235008.00000000,4.6604e+18,4.6604e+18,-1.67855371,0.14093380,18707409511251169280.00000000,1.8707e+19,1.8707e+19,1.26689719,0.41634406,-25297594833402949632.00000000,2.5298e+19,2.5298e+19,1.85700628,1.48738914,-16559082601633093632.00000000,1.6559e+19,1.6559e+19,-0.90800408,-0.77996363,4841909447602896896.00000000,4.8419e+18,4.8419e+18
32,6,FP32,1.562500e-04,10000,64696470,2.222825e+40,3.793012e-01,2.5366e+19,1.6034e+19,2.5366e+19,1.6034e+19,1.17487684,0.71916153,-25365880587350441984.00000000,2.5366e+19,2.5366e+19,2.15015283,0.30871129,-16806122091974754304.00000000,1.6806e+19,1.6806e+19,-1.04424657,0.44003260,4660464752282042368.00000000,4.6605e+18,4.6605e+18,-1.67855371,0.14093380,18707502052329652224.00000000,1.8708e+19,1.8708e+19,1.26689719,0.41634406,-25297717463498096640.00000000,2.5298e+19,2.5298e+19,1.85700628,1.48738914,-16559161884771614720.00000000,1.6559e+19,1.6559e+19,-0.90800408,-0.77996363,4841933648888332288.00000000,4.8419e+18,4.8419e+18
32,6,FP16,1.562500e-04,10000,64696470,nan,3.793012e-01,nan,nan,nan,nan,1.17487684,0.71916153,nan,nan,nan,2.15015283,0.30871129,nan,nan,nan,-1.04424657,0.44003260,nan,nan,nan,-1.67855371,0.14093380,nan,nan,nan,1.26689719,0.41634406,nan,nan,nan,1.85700628,1.48738914,nan,nan,nan,-0.90800408,-0.77996363,nan,nan,nan
32,6,FP16ALT,1.562500e-04,10000,64696470,3.462680e+49,3.793012e-01,9.8697e+23,6.0328e+23,9.8697e+23,6.0328e+23,1.17487684,0.71916153,-986974594919755849662464.00000000,9.8697e+23,9.8697e+23,2.15015283,0.30871129,-632797108704532458635264.00000000,6.3280e+23,6.3280e+23,-1.04424657,0.44003260,168824601762589816389632.00000000,1.6882e+23,1.6882e+23,-1.67855371,0.14093380,651686574636011039490048.00000000,6.5169e+23,6.5169e+23,1.26689719,0.41634406,-982252228436886204448768.00000000,9.8225e+23,9.8225e+23,1.85700628,1.48738914,-623352375738793168207872.00000000,6.2335e+23,6.2335e+23,-0.90800408,-0.77996363,177088743107611695513600.00000000,1.7709e+23,1.7709e+23
33,4,FP64,2.500000e-03,3600,12142573,1.633379e+00,1.052765e-01,1.5110e+00,7.2055e-01,1.6176e+00,7.8368e-01,2.64313959,2.53651545,1.02555537,1.5110e+00,1.6176e+00,-0.61456787,-0.62794694,0.52148076,1.1494e+00,1.1360e+00,0.10650810,0.31714973,0.75994382,4.4279e-01,6.5344e-01,2.02626064,2.01315674,1.54616166,4.6700e-01,4.8010e-01,1.05414070,0.99032732,1.02292118,3.2594e-02,3.1220e-02,,,,,,,,,,
33,4,FP32,2.500000e-03,3600,12142573,1.633380e+00,1.052765e-01,1.5110e+00,7.2055e-01,1.6176e+00,7.8368e-01,2.64313959,2.53651545,1.02555525,1.5110e+00,1.6176e+00,-0.61456787,-0.62794694,0.52148145,1.1494e+00,1.1360e+00,0.10650810,0.31714973,0.75994414,4.4279e-01,6.5344e-01,2.02626064,2.01315674,1.54616129,4.6700e-01,4.8010e-01,1.05414070,0.99032732,1.02292109,3.2594e-02,3.1220e-02,,,,,,,,,,
33,4,FP16,2.500000e-03,3600,12142573,2.158150e+00,1.052765e-01,1.8672e+00,1.0806e+00,1.8538e+00,1.1568e+00,2.64313959,2.53651545,0.85058594,1.6859e+00,1.7926e+00,-0.61456787,-0.62794694,1.23925781,1.8672e+00,1.8538e+00,0.10650810,0.31714973,1.29199219,9.7484e-01,1.1855e+00,2.02626064,2.01315674,1.27832031,7.3484e-01,7.4794e-01,1.05414070,0.99032732,0.85009766,1.4023e-01,2.0404e-01,,,,,,,,,,
33,4,FP16ALT,2.500000e-03,3600,12142573,2.507508e+00,1.052765e-01,1.8545e+00,1.0913e+00,1.8411e+00,1.1674e+00,2.64313959,2.53651545,0.81250000,1.7240e+00,1.8306e+00,-0.61456787,-0.62794694,1.22656250,1.8545e+00,1.8411e+00,0.10650810,0.31714973,1.24218750,9.2504e-01,1.1357e+00,2.02626064,2.01315674,1.23437500,7.7878e-01,7.9189e-01,1.05414070,0.99032732,0.81640625,1.7392e-01,2.3773e-01,,,,,,,,,,
35,6,FP64,1.562500e-04,10000,64696470,9.481965e+40,5.627852e-01,5.2390e+19,3.3116e+19,5.2390e+19,3.3116e+19,1.17470640,0.46956622,52389755860374036480.00000000,5.2390e+19,5.2390e+19,-1.62869987,0.38664463,34710747750953562112.00000000,3.4711e+19,3.4711e+19,-1.95027044,-0.60615350,-9625550104113405952.00000000,9.6256e+18,9.6256e+18,2.89301006,0.78607041,-38637782233739894784.00000000,3.8638e+19,3.8638e+19,0.09981535,-0.48821826,52248974376839569408.00000000,5.2249e+19,5.2249e+19,-1.43502495,-0.99663481,34200685411179638784.00000000,3.4201e+19,3.4201e+19,2.97752220,3.04947753,-10000350006742138880.00000000,1.0000e+19,1.0000e+19
35,6,FP32,1.562500e-04,10000,64696470,9.482003e+40,5.627852e-01,5.2390e+19,3.3116e+19,5.2390e+19,3.3116e+19,1.17470640,0.46956622,52389855495712669696.00000000,5.2390e+19,5.2390e+19,-1.62869987,0.38664463,34710819027818643456.00000000,3.4711e+19,3.4711e+19,-1.95027044,-0.60615350,-9625568992248725504.00000000,9.6256e+18,9.6256e+18,2.89301006,0.78607041,-38637863344885727232.00000000,3.8638e+19,3.8638e+19,0.09981535,-0.48821826,52249074026892230656.00000000,5.2249e+19,5.2249e+19,-1.43502495,-0.99663481,34200755583693357056.00000000,3.4201e+19,3.4201e+19,2.97752220,3.04947753,-10000369416413380608.00000000,1.0000e+19,1.0000e+19
35,6,FP16,1.562500e-04,10000,64696470,nan,5.627852e-01,nan,nan,nan,nan,1.17470640,0.46956622,nan,nan,nan,-1.62869987,0.38664463,nan,nan,nan,-1.95027044,-0.60615350,nan,nan,nan,2.89301006,0.78607041,nan,nan,nan,0.09981535,-0.48821826,nan,nan,nan,-1.43502495,-0.99663481,nan,nan,nan,2.97752220,3.04947753,nan,nan,nan
35,6,FP16ALT,1.562500e-04,10000,64696470,1.863465e+50,5.627852e-01,2.0590e+24,1.2835e+24,2.0590e+24,1.2835e+24,1.17470640,0.46956622,2058951786531165313171456.00000000,2.0590e+24,2.0590e+24,-1.62869987,0.38664463,1435599410792372144963584.00000000,1.4356e+24,1.4356e+24,-1.95027044,-0.60615350,-351816302973788568420352.00000000,3.5182e+23,3.5182e+23,2.89301006,0.78607041,-1303373149272022078980096.00000000,1.3034e+24,1.3034e+24,0.09981535,-0.48821826,2049507053565426022744064.00000000,2.0495e+24,2.0495e+24,-1.43502495,-0.99663481,1416709944860893564108800.00000000,1.4167e+24,1.4167e+24,2.97752220,3.04947753,-368344585663832326668288.00000000,3.6834e+23,3.6834e+23
36,6,FP64,1.562500e-04,10000,64696470,1.544011e+40,5.752419e-01,2.1141e+19,1.3363e+19,2.1141e+19,1.3363e+19,2.38329455,1.77563624,21140846056941608960.00000000,2.1141e+19,2.1141e+19,2.40250834,0.71740331,14006833257248987136.00000000,1.4007e+19,1.4007e+19,0.79860874,0.25976510,-3884199680311068672.00000000,3.8842e+18,3.8842e+18,-0.96582125,0.57890771,-15591510072352854016.00000000,1.5592e+19,1.5592e+19,-0.90474255,-0.03036703,21084036483730345984.00000000,2.1084e+19,2.1084e+19,1.35573407,1.05373595,13801007724613513216.00000000,1.3801e+19,1.3801e+19,2.38266156,2.19534116,-4035442741354304000.00000000,4.0354e+18,4.0354e+18
36,6,FP32,1.562500e-04,10000,64696470,1.544001e+40,5.752419e-01,2.1141e+19,1.3363e+19,2.1141e+19,1.3363e+19,2.38329455,1.77563624,21140787255295606784.00000000,2.1141e+19,2.1141e+19,2.40250834,0.71740331,14006791875936124928.00000000,1.4007e+19,1.4007e+19,0.79860874,0.25976510,-3884189751862886400.00000000,3.8842e+18,3.8842e+18,-0.96582125,0.57890771,-15591466308003168256.00000000,1.5591e+19,1.5591e+19,-0.90474255,-0.03036703,21083977688511676416.00000000,2.1084e+19,2.1084e+19,1.35573407,1.05373595,13800966597751341056.00000000,1.3801e+19,1.3801e+19,2.38266156,2.19534116,-4035432249187893248.00000000,4.0354e+18,4.0354e+18
36,6,FP16,1.562500e-04,10000,64696470,nan,5.752419e-01,nan,nan,nan,nan,2.38329455,1.77563624,nan,nan,nan,2.40250834,0.71740331,nan,nan,nan,0.79860874,0.25976510,nan,nan,nan,-0.96582125,0.57890771,nan,nan,nan,-0.90474255,-0.03036703,nan,nan,nan,1.35573407,1.05373595,nan,nan,nan,2.38266156,2.19534116,nan,nan,nan
36,6,FP16ALT,1.562500e-04,10000,64696470,4.826345e+49,5.752419e-01,1.0059e+24,6.3937e+23,1.0059e+24,6.3937e+23,2.38329455,1.77563624,1005864060851234430517248.00000000,1.0059e+24,1.0059e+24,2.40250834,0.71740331,736689171327664653336576.00000000,7.3669e+23,7.3669e+23,0.79860874,0.25976510,-165282826900437582479360.00000000,1.6528e+23,1.6528e+23,-0.96582125,0.57890771,-670576040567489620344832.00000000,6.7058e+23,6.7058e+23,-0.90474255,-0.03036703,1001141694368364785303552.00000000,1.0011e+24,1.0011e+24,1.35573407,1.05373595,722522071879055717695488.00000000,7.2252e+23,7.2252e+23,2.38266156,2.19534116,-173546968245459461603328.00000000,1.7355e+23,1.7355e+23
37,6,FP64,1.562500e-04,10000,64696470,5.837718e+40,4.732325e-01,4.1107e+19,2.5984e+19,4.1107e+19,2.5984e+19,1.67925328,0.76885303,-41107281774643519488.00000000,4.1107e+19,4.1107e+19,0.85218988,-0.45014044,-27235562849535197184.00000000,2.7236e+19,2.7236e+19,-2.49516021,0.53111265,7552625391503671296.00000000,7.5526e+18,7.5526e+18,-2.03022772,-0.71772366,30316884958629785600.00000000,3.0317e+19,3.0317e+19,2.39132513,0.49836015,-40996818497667629056.00000000,4.0997e+19,4.0997e+19,0.63857436,0.36391007,-26835345746412949504.00000000,2.6835e+19,2.6835e+19,-2.94481769,-2.63455032,7846709701564784640.00000000,7.8467e+18,7.8467e+18
